{"extensionType":"field_faas","i18nMap":{"zh-CN":{"birthday":"生日","sign":"星座","aries":"白羊座","taurus":"金牛座","gemini":"双子座","cancer":"巨蟹座","leo":"狮子座","virgo":"处女座","libra":"天秤座","scorpio":"天蝎座","sagittarius":"射手座","capricorn":"摩羯座","aquarius":"水瓶座","pisces":"双鱼座"},"en-US":{"birthday":"Birthday","sign":"Zodiac Sign","aries":"Aries","taurus":"Taurus","gemini":"Gemini","cancer":"Cancer","leo":"Leo","virgo":"Virgo","libra":"Libra","scorpio":"Scorpio","sagittarius":"Sagittarius","capricorn":"Capricorn","aquarius":"Aquarius","pisces":"Pisces"},"ja-JP":{"birthday":"誕生日フィールド","sign":"星座","aries":"おひつじ座","taurus":"おうし座","gemini":"ふたご座","cancer":"かに座","leo":"しし座","virgo":"おとめ座","libra":"てんびん座","scorpio":"さそり座","sagittarius":"いて座","capricorn":"やぎ座","aquarius":"みずがめ座","pisces":"うお座"}},"fields":[{"fieldType":25,"uiSchema":{"fieldsConfigEditor":{"component":"OpenFieldMetaEditor","props":{"schema":{"items":[{"key":"birthday","label":"${{birthday}}","component":"FieldSelect","props":{"supportType":[5]},"validator":{"required":true}}]}}}},"presetFieldConfig":{"fieldProperty":{"propertyType":25,"icon":{"light":"https://lf3-static.bytednsdoc.com/obj/eden-cn/eqgeh7upeubqnulog/chatbot.svg"},"properties":[{"key":"id","title":"id","hidden":true,"propertyType":1},{"key":"primaryProperty","title":"${{sign}}","propertyType":1}]},"externalEditorConfig":{}}}]}